{
  " www.blazedemo.com /reserve.php-141" : {
    "transaction" : " www.blazedemo.com /reserve.php-141",
    "sampleCount" : 28390,
    "errorCount" : 21,
    "errorPct" : 0.07396971,
    "meanResTime" : 585.0156040859436,
    "medianResTime" : 351.0,
    "minResTime" : 203.0,
    "maxResTime" : 10906.0,
    "pct1ResTime" : 989.0,
    "pct2ResTime" : 1688.9000000000015,
    "pct3ResTime" : 3641.8100000000304,
    "throughput" : 60.400399974469714,
    "receivedKBytesPerSec" : 139.7455473254367,
    "sentKBytesPerSec" : 39.28385388964534
  },
  "Total" : {
    "transaction" : "Total",
    "sampleCount" : 113316,
    "errorCount" : 116,
    "errorPct" : 0.1023686,
    "meanResTime" : 600.5737230399983,
    "medianResTime" : 366.0,
    "minResTime" : 195.0,
    "maxResTime" : 11525.0,
    "pct1ResTime" : 1260.9000000000015,
    "pct2ResTime" : 2118.9500000000007,
    "pct3ResTime" : 10220.980000000003,
    "throughput" : 240.36654434380503,
    "receivedKBytesPerSec" : 563.2521559238646,
    "sentKBytesPerSec" : 154.9151153140445
  },
  " www.blazedemo.com /purchase.php-154" : {
    "transaction" : " www.blazedemo.com /purchase.php-154",
    "sampleCount" : 28269,
    "errorCount" : 25,
    "errorPct" : 0.0884361,
    "meanResTime" : 606.3107290671768,
    "medianResTime" : 359.0,
    "minResTime" : 197.0,
    "maxResTime" : 11375.0,
    "pct1ResTime" : 1032.0,
    "pct2ResTime" : 1679.9500000000007,
    "pct3ResTime" : 3893.9600000000064,
    "throughput" : 60.39932911000246,
    "receivedKBytesPerSec" : 151.6597796338682,
    "sentKBytesPerSec" : 42.58624572013845
  },
  " www.blazedemo.com /-131" : {
    "transaction" : " www.blazedemo.com /-131",
    "sampleCount" : 28514,
    "errorCount" : 27,
    "errorPct" : 0.09469033,
    "meanResTime" : 602.5184821491177,
    "medianResTime" : 350.0,
    "minResTime" : 198.0,
    "maxResTime" : 11375.0,
    "pct1ResTime" : 999.8000000000029,
    "pct2ResTime" : 1669.9500000000007,
    "pct3ResTime" : 4081.980000000003,
    "throughput" : 60.556377915632225,
    "receivedKBytesPerSec" : 135.13246409017833,
    "sentKBytesPerSec" : 27.91270544548673
  },
  " www.blazedemo.com /confirmation.php-161" : {
    "transaction" : " www.blazedemo.com /confirmation.php-161",
    "sampleCount" : 28143,
    "errorCount" : 43,
    "errorPct" : 0.1527911,
    "meanResTime" : 608.5353018512562,
    "medianResTime" : 360.0,
    "minResTime" : 195.0,
    "maxResTime" : 11525.0,
    "pct1ResTime" : 1027.800000000003,
    "pct2ResTime" : 1693.9000000000015,
    "pct3ResTime" : 4125.600000000064,
    "throughput" : 60.14965279781484,
    "receivedKBytesPerSec" : 139.43199758940804,
    "sentKBytesPerSec" : 45.934598132706256
  }
}